CREATE TABLE cpuwaterblock(ID INT NOT NULL PRIMARY KEY,name TEXT,brand_id INT,metal_id INT,socket_id INT,Price INT);
CREATE TABLE gpuwaterblock(ID INT NOT NULL PRIMARY KEY,name TEXT,metal_id INT,manufacturer_id INT,architecture_id INT,GPUmodel_id INT,brand_id INT);
CREATE TABLE radiator(ID INT NOT NULL PRIMARY KEY,name TEXT,brand_id INT,fanseries_id INT,maxfancount_id INT,metal_id INT,thickness_id INT);
CREATE TABLE tubing(ID INT NOT NULL PRIMARY KEY,name TEXT,brand_id INT,material_id INT,diameter_id INT,metal_id INT);
CREATE TABLE reservoir(ID INT NOT NULL PRIMARY KEY,name TEXT,brand_id INT,maxcapacity_id INT,combo_id INT,mounting_id INT,resmaterial_id INT);
CREATE TABLE pump(ID INT NOT NULL PRIMARY KEY,name TEXT,brand_id INT,type_id INT);
CREATE TABLE fitting(ID INT NOT NULL PRIMARY KEY,name TEXT,brand_id INT,fittingtype_id INT,diameter_id INT);
CREATE TABLE coolant(ID INT NOT NULL PRIMARY KEY,name TEXT,brand_id INT,edible_id INT);
CREATE TABLE tubing_fitting(ID INT NOT NULL PRIMARY KEY,tubing_id INT,fitting_id INT);
CREATE TABLE manufacturer(ID INT NOT NULL PRIMARY KEY,name TEXT);
CREATE TABLE architecture(ID INT NOT NULL PRIMARY KEY,name TEXT);
CREATE TABLE GPUmodel(ID INT NOT NULL PRIMARY KEY,name TEXT);
CREATE TABLE fanseries(ID INT NOT NULL PRIMARY KEY,name TEXT);
CREATE TABLE thickness(ID INT NOT NULL PRIMARY KEY,name TEXT);
CREATE TABLE maxfancount(ID INT NOT NULL PRIMARY KEY,name TEXT);
CREATE TABLE material(ID INT NOT NULL PRIMARY KEY,name TEXT,bendability INT);
CREATE TABLE diameter(ID INT NOT NULL PRIMARY KEY,name TEXT);
CREATE TABLE bendable(ID INT NOT NULL PRIMARY KEY,name TEXT);
CREATE TABLE maxcapacity(ID INT NOT NULL PRIMARY KEY,name TEXT);
CREATE TABLE combo(ID INT NOT NULL PRIMARY KEY,name TEXT);
CREATE TABLE mounting(ID INT NOT NULL PRIMARY KEY,name TEXT);
CREATE TABLE resmaterial(ID INT NOT NULL PRIMARY KEY,name TEXT);
CREATE TABLE type(ID INT NOT NULL PRIMARY KEY,name TEXT);
CREATE TABLE fittingtype(ID INT NOT NULL PRIMARY KEY,name TEXT);
CREATE TABLE edible(ID INT NOT NULL PRIMARY KEY,name TEXT);
CREATE TABLE metal(ID INT NOT NULL PRIMARY KEY,name TEXT);
CREATE TABLE brand(ID INT NOT NULL PRIMARY KEY,name TEXT);
CREATE TABLE socket(ID INT NOT NULL PRIMARY KEY,name TEXT);
CREATE TABLE capacity(ID INT NOT NULL PRIMARY KEY,Capacity TEXT);
CREATE TABLE box(ID INT NOT NULL PRIMARY KEY,Name TEXT);
CREATE TABLE user(ID INT NOT NULL PRIMARY KEY,EMail Address TEXT,Passhash TEXT,Username TEXT);
CREATE TABLE system(ID INT NOT NULL PRIMARY KEY,userid INT,cpuwaterblockid INT,gpuwaterblockid INT,radiatorid INT,tubingid INT,reservoirid INT,pumpid INT,fittingid INT,coolantid INT,fancount INT);
INSERT INTO cpuwaterblock VALUES(1,'EK-Supremacy EVO AMD - Full Nickel',1,2,7,NULL);
INSERT INTO cpuwaterblock VALUES(2,'EK-Supremacy EVO - Full Copper (Original CSQ)',1,1,4,NULL);
INSERT INTO cpuwaterblock VALUES(3,'EK-Supremacy EVO - Acetal+Nickel (Original CSQ)',1,2,4,NULL);
INSERT INTO cpuwaterblock VALUES(4,'RayStorm Neo WaterBlock (Intel) Metal',2,1,4,NULL);
INSERT INTO cpuwaterblock VALUES(5,'RayStorm Pro RGB (Intel) Black',2,1,4,NULL);
INSERT INTO cpuwaterblock VALUES(6,'Apogee SKF',3,1,8,NULL);
INSERT INTO cpuwaterblock VALUES(7,' Cuplex Kryos XT Series (Silver)',5,5,1,NULL);
INSERT INTO cpuwaterblock VALUES(8,'EK Supremacy EVO',1,1,8,NULL);
INSERT INTO gpuwaterblock VALUES(1,'EK-FC970 GTX - Acetal+Nickel',2,1,2,11,1);
INSERT INTO gpuwaterblock VALUES(2,'EK-FC1080 GTX Ti Strix RGB - Nickel',2,1,1,2,1);
INSERT INTO gpuwaterblock VALUES(3,'EK-FC Radeon Vega RGB - Nickel',2,1,4,30,1);
INSERT INTO gpuwaterblock VALUES(4,'Razor Neo - GTX 1080 / 1080 Ti (Black Chrome + Tempered Glass)',1,2,1,2,2);
INSERT INTO gpuwaterblock VALUES(5,'Razor RGB - RX Vega',1,2,4,30,2);
INSERT INTO gpuwaterblock VALUES(6,'Blade Radeon RX480',1,2,6,36,2);
INSERT INTO gpuwaterblock VALUES(7,'KOMODO NV-ECO GTX TITAN X (Pascal)',1,1,1,1,3);
INSERT INTO gpuwaterblock VALUES(8,'KOMODO-NV-GTX980-ECO',1,1,2,10,3);
INSERT INTO gpuwaterblock VALUES(9,'KOMODO NV GTX 1080 BUNDLE',1,1,1,3,3);
INSERT INTO radiator VALUES(1,'EK-CoolStream CE 560 ',1,2,4,1,4);
INSERT INTO radiator VALUES(2,'EK-CoolStream SE 480',1,1,4,1,1);
INSERT INTO radiator VALUES(3,'EK-CoolStream WE 180',1,3,1,1,2);
INSERT INTO radiator VALUES(4,'EX360 ',1,1,3,1,2);
INSERT INTO radiator VALUES(5,'RX480',1,1,4,1,5);
INSERT INTO radiator VALUES(6,'AX120 ',2,1,1,1,7);
INSERT INTO tubing VALUES(1,'EK-HD Tube 10/12mm 500mm',1,2,1,NULL);
INSERT INTO tubing VALUES(2,'EK-HD Tube 12/16mm 500mm',1,2,2,NULL);
INSERT INTO tubing VALUES(3,'EK-HD PETG Tube 12/16mm 500mm',1,1,3,NULL);
INSERT INTO tubing VALUES(4,'EK-HD PETG Tube 10/12mm 500mm',1,1,1,NULL);
INSERT INTO tubing VALUES(5,'XSPC PETG Tubing 10mm ID, 14mm OD',2,1,5,NULL);
INSERT INTO tubing VALUES(6,'XSPC FLX Clear Tubing',2,5,5,NULL);
INSERT INTO tubing VALUES(7,'Rigid Stainless Steel Tubing',2,4,5,4);
INSERT INTO tubing VALUES(8,'Borosilicate Glass Tube',7,3,3,NULL);
INSERT INTO reservoir VALUES(1,'EK-XRES 140 Revo D5 PWM ',1,2,1,1,1);
INSERT INTO reservoir VALUES(2,'EK-RES X3 250',1,4,2,1,1);
INSERT INTO reservoir VALUES(3,'EK-RES X4 250',1,8,2,1,2);
INSERT INTO reservoir VALUES(4,'D5 Photon 170 Reservoir/Pump Combo V2',2,4,1,2,2);
INSERT INTO reservoir VALUES(5,'Single Bay Reservoir V2',2,6,2,1,1);
INSERT INTO reservoir VALUES(6,'Ion Reservoir (Black)',2,1,2,1,1);
INSERT INTO pump VALUES(1,'EK-XTOP Revo D5 RGB - Plexi (stand-alone)',1,2);
INSERT INTO pump VALUES(2,'D5 EK-XTOP Revo D5 PWM - Plexi',1,2);
INSERT INTO pump VALUES(3,'Combo/NA',6,4);
INSERT INTO fitting VALUES(1,'Bitspower Compression Fittings. ',4,1,6);
INSERT INTO fitting VALUES(2,'EK Compression Fittings ',1,1,6);
INSERT INTO coolant VALUES(0,'Distilled Water',6,1);
INSERT INTO coolant VALUES(1,'Distilled Water + Dyes/Biocide',6,2);
INSERT INTO coolant VALUES(2,'EK Cyrofuel',1,3);
INSERT INTO coolant VALUES(3,'Thermaltake C100',6,2);
INSERT INTO coolant VALUES(4,'Mayhems XT1 Coolant',7,2);
INSERT INTO coolant VALUES(5,'Koolance Liquid Coolant',6,2);
INSERT INTO manufacturer VALUES(1,'Nvidia');
INSERT INTO manufacturer VALUES(2,'AMD');
INSERT INTO manufacturer VALUES(3,'N/A or Onboard Graphics');
INSERT INTO architecture VALUES(1,'Pascal - 10xx');
INSERT INTO architecture VALUES(2,'Maxwell - 9xx');
INSERT INTO architecture VALUES(3,'Kepler - 7xx');
INSERT INTO architecture VALUES(4,'RX - Vega');
INSERT INTO architecture VALUES(5,'RX - 500 ');
INSERT INTO architecture VALUES(6,'RX - 400 ');
INSERT INTO architecture VALUES(7,'AMD - 300 ');
INSERT INTO architecture VALUES(8,'AMD 200 ');
INSERT INTO architecture VALUES(9,'Volta - Titan V ');
INSERT INTO GPUmodel VALUES(1,'GTX Titan XP ');
INSERT INTO GPUmodel VALUES(2,'GTX 1080Ti');
INSERT INTO GPUmodel VALUES(3,'GTX 1080');
INSERT INTO GPUmodel VALUES(4,'GTX 1070');
INSERT INTO GPUmodel VALUES(5,'GTX 1060');
INSERT INTO GPUmodel VALUES(6,'GTX 1050Ti');
INSERT INTO GPUmodel VALUES(7,'GTX 1050');
INSERT INTO GPUmodel VALUES(8,'GTX Titan X');
INSERT INTO GPUmodel VALUES(9,'GTX 980Ti ');
INSERT INTO GPUmodel VALUES(10,'GTX 980');
INSERT INTO GPUmodel VALUES(11,'GTX 970');
INSERT INTO GPUmodel VALUES(12,'GTX 960');
INSERT INTO GPUmodel VALUES(13,'GTX 950Ti');
INSERT INTO GPUmodel VALUES(14,'GTX 950');
INSERT INTO GPUmodel VALUES(15,'GTX Titan Z');
INSERT INTO GPUmodel VALUES(16,'GTX Titan Black');
INSERT INTO GPUmodel VALUES(17,'GTX Titan');
INSERT INTO GPUmodel VALUES(18,'GTX 780Ti');
INSERT INTO GPUmodel VALUES(19,'GTX 780');
INSERT INTO GPUmodel VALUES(20,'GTX 770');
INSERT INTO GPUmodel VALUES(21,'GTX 760');
INSERT INTO GPUmodel VALUES(22,'GTX 750Ti');
INSERT INTO GPUmodel VALUES(23,'GTX 690');
INSERT INTO GPUmodel VALUES(24,'GTX 680');
INSERT INTO GPUmodel VALUES(25,'GTX 670');
INSERT INTO GPUmodel VALUES(26,'GTX 660Ti');
INSERT INTO GPUmodel VALUES(27,'GTX 650Ti ');
INSERT INTO GPUmodel VALUES(28,'GTX 650 ');
INSERT INTO GPUmodel VALUES(29,'GTX 645');
INSERT INTO GPUmodel VALUES(30,'RX Vega 64');
INSERT INTO GPUmodel VALUES(31,'RX580');
INSERT INTO GPUmodel VALUES(32,'RX570');
INSERT INTO GPUmodel VALUES(33,'RX560');
INSERT INTO GPUmodel VALUES(34,'RX550');
INSERT INTO GPUmodel VALUES(35,'RX540');
INSERT INTO GPUmodel VALUES(36,'RX480');
INSERT INTO GPUmodel VALUES(37,'RX470');
INSERT INTO GPUmodel VALUES(38,'RX460');
INSERT INTO GPUmodel VALUES(39,'R9 Fury X');
INSERT INTO GPUmodel VALUES(40,'R9 Nano');
INSERT INTO GPUmodel VALUES(41,'R9 Fury');
INSERT INTO GPUmodel VALUES(42,'R9 390X');
INSERT INTO GPUmodel VALUES(43,'R9 390');
INSERT INTO GPUmodel VALUES(44,'R9 380X');
INSERT INTO GPUmodel VALUES(45,'R9 380');
INSERT INTO GPUmodel VALUES(46,'R9 370X');
INSERT INTO GPUmodel VALUES(47,'R9 295X2');
INSERT INTO GPUmodel VALUES(48,'R9 290X');
INSERT INTO GPUmodel VALUES(49,'R9 290');
INSERT INTO GPUmodel VALUES(50,'R9 285');
INSERT INTO GPUmodel VALUES(51,'R9 280X');
INSERT INTO GPUmodel VALUES(52,'R9 280');
INSERT INTO GPUmodel VALUES(53,'R9 270X');
INSERT INTO GPUmodel VALUES(54,'R9 280');
INSERT INTO fanseries VALUES(1,'120mm');
INSERT INTO fanseries VALUES(2,'140mm');
INSERT INTO fanseries VALUES(3,'180mm');
INSERT INTO thickness VALUES(1,'28mm');
INSERT INTO thickness VALUES(2,'35mm');
INSERT INTO thickness VALUES(3,'38mm');
INSERT INTO thickness VALUES(4,'45mm');
INSERT INTO thickness VALUES(5,'56mm');
INSERT INTO thickness VALUES(6,'60mm');
INSERT INTO thickness VALUES(7,'40mm');
INSERT INTO thickness VALUES(8,'Other');
INSERT INTO maxfancount VALUES(1,'1 Fan');
INSERT INTO maxfancount VALUES(2,'2 Fans');
INSERT INTO maxfancount VALUES(3,'3 Fans');
INSERT INTO maxfancount VALUES(4,'4 Fans');
INSERT INTO material VALUES(1,'PETG Tubing',1);
INSERT INTO material VALUES(2,'Acrylic Tubing',1);
INSERT INTO material VALUES(3,'Glass Tubing ',2);
INSERT INTO material VALUES(4,'Metal-Type Tubing',2);
INSERT INTO material VALUES(5,'Flexible-Soft Tubing',1);
INSERT INTO diameter VALUES(1,'10/12mm');
INSERT INTO diameter VALUES(2,'10/16mm');
INSERT INTO diameter VALUES(3,'12/16mm');
INSERT INTO diameter VALUES(4,'13/19mm');
INSERT INTO diameter VALUES(5,'Other');
INSERT INTO diameter VALUES(6,'All');
INSERT INTO bendable VALUES(0,'No');
INSERT INTO bendable VALUES(1,'Yes');
INSERT INTO bendable VALUES(2,'Maybe');
INSERT INTO maxcapacity VALUES(1,'100mL - 200mL');
INSERT INTO maxcapacity VALUES(2,'201mL - 300mL');
INSERT INTO maxcapacity VALUES(3,'301mL - 400mL');
INSERT INTO maxcapacity VALUES(4,'401mL - 500mL');
INSERT INTO maxcapacity VALUES(5,'501mL - 600mL');
INSERT INTO maxcapacity VALUES(6,'601mL - 700mL');
INSERT INTO maxcapacity VALUES(7,'701mL - 800mL');
INSERT INTO maxcapacity VALUES(8,'801mL - 1000mL');
INSERT INTO maxcapacity VALUES(9,'More than 1000mL');
INSERT INTO combo VALUES(0,'Yes');
INSERT INTO combo VALUES(1,'No');
INSERT INTO mounting VALUES(1,'Yes');
INSERT INTO mounting VALUES(2,'No');
INSERT INTO resmaterial VALUES(1,'Acrylic');
INSERT INTO resmaterial VALUES(2,'Glass');
INSERT INTO resmaterial VALUES(3,'Other');
INSERT INTO type VALUES(1,'DDC-Type ');
INSERT INTO type VALUES(2,'D5- Type ');
INSERT INTO type VALUES(3,'SPC-Type ');
INSERT INTO type VALUES(4,'Other ');
INSERT INTO fittingtype VALUES(1,'Compression');
INSERT INTO fittingtype VALUES(2,'Barbed');
INSERT INTO fittingtype VALUES(3,'Push in');
INSERT INTO fittingtype VALUES(4,'Other');
INSERT INTO fittingtype VALUES(5,'Super Glue and a small miracle ');
INSERT INTO edible VALUES(1,'Yes');
INSERT INTO edible VALUES(2,'No');
INSERT INTO edible VALUES(3,'Horribly Ill');
INSERT INTO metal VALUES(1,'Copper');
INSERT INTO metal VALUES(2,'Nickel');
INSERT INTO metal VALUES(3,'Aluminium');
INSERT INTO metal VALUES(4,'Stainless Steel');
INSERT INTO metal VALUES(5,'Silver');
INSERT INTO brand VALUES(1,'EK');
INSERT INTO brand VALUES(2,'XSPC');
INSERT INTO brand VALUES(3,'SwiftTech');
INSERT INTO brand VALUES(4,'Bitspower');
INSERT INTO brand VALUES(5,'AquaComputer');
INSERT INTO brand VALUES(6,'Other');
INSERT INTO brand VALUES(7,'Mayhems');
INSERT INTO socket VALUES(1,'Intel LGA-1150/1151/1155/1156');
INSERT INTO socket VALUES(2,'Intel LGA-2011 - 3');
INSERT INTO socket VALUES(3,'Intel LGA-2066');
INSERT INTO socket VALUES(4,'All Intel Options');
INSERT INTO socket VALUES(5,'AMD Socket AM4');
INSERT INTO socket VALUES(6,'AMD Sockets: AM2, AM2+, AM3, AM3+, FM1, FM2, FM2+');
INSERT INTO socket VALUES(7,'All AMD Options');
INSERT INTO socket VALUES(8,'All Mounting Options');
INSERT INTO socket VALUES(9,'Requires Mounting Bracket');
INSERT INTO capacity VALUES(1,'100mL - 200mL');
INSERT INTO capacity VALUES(2,'201mL - 300mL');
INSERT INTO capacity VALUES(3,'301mL - 400mL');
INSERT INTO capacity VALUES(4,'401mL - 500mL');
INSERT INTO capacity VALUES(5,'501mL - 600mL');
INSERT INTO capacity VALUES(6,'601mL - 700mL');
INSERT INTO capacity VALUES(7,'701mL - 800mL');
INSERT INTO capacity VALUES(8,'801mL - 1000mL+');
INSERT INTO box VALUES(1,'ATX Desktop ');
INSERT INTO box VALUES(2,'ATX Full Tower');
INSERT INTO box VALUES(3,'ATX Mid Tower');
INSERT INTO box VALUES(4,'ATX Mini Tower');
INSERT INTO box VALUES(5,'ATX Test Bench ');
INSERT INTO box VALUES(6,'HTPC');
INSERT INTO box VALUES(7,'MicroATX Desktop');
INSERT INTO box VALUES(8,'MicroATX Mid Tower');
INSERT INTO box VALUES(9,'MicroATX Mini Tower');
INSERT INTO box VALUES(10,'MicroATX Slim');
INSERT INTO box VALUES(11,'Mini ITX Desktop ');
INSERT INTO box VALUES(12,'Mini ITX Test Bench');
INSERT INTO box VALUES(13,'Mini ITX Tower ');
INSERT INTO user VALUES(1,'random0234@gmail.com','random','random1111');
INSERT INTO user VALUES(2,'email@gmail.com','email','test01234');
INSERT INTO user VALUES(3,'admin@gmail.com','admin01','Admin0000');
INSERT INTO user VALUES(4,'testing@gmail.com','test01','test2222');
INSERT INTO user VALUES(5,'dummy@gmail.com','abcd','user0100');
INSERT INTO user VALUES(6,'water@gmail.com','water','water0300');
INSERT INTO system VALUES(1,1,2,4,1,1,4,3,1,0,4);
INSERT INTO system VALUES(2,2,2,6,3,3,6,1,2,2,1);
INSERT INTO system VALUES(3,3,1,1,1,8,2,3,1,4,4);
INSERT INTO system VALUES(4,4,3,3,4,7,4,3,1,0,3);
INSERT INTO system VALUES(5,5,3,3,2,3,6,1,2,0,4);
INSERT INTO system VALUES(6,6,2,1,1,8,4,3,2,3,4);
